blockNumber,timestamp,transactionHash,from,to,value,gas,gasPrice,nonce,status,contractAddress,contractName,functionName
26,1731669197,0xef910b2b2fc04ded421b70b504861017bc2e8781f7ae078ba19c36b565eec8cc,0xe16E9649E711Cc5Ed29431B3F16aB29d7d1FEfE9,None,0,1709508,2.53106057,0,1,0xac80429aCEc277EfcF121B8c3797c2ca7F0200e9,MasKeyExchange,None
33,1731669232,0xc167d43f28183bb559b4e7d56388c37329b273c4c5a9ce51c5bfa917f23bab31,0xe16E9649E711Cc5Ed29431B3F16aB29d7d1FEfE9,0x70f1fA474e812E68733EecbcDC35025Cd6546826,0.1,121000,1.012773125,1,1,None,None,None
33,1731669232,0x2f59eae4310bb45db4cbd072ad87629972323cc23268d9716a01ea4a808ba295,0xe16E9649E711Cc5Ed29431B3F16aB29d7d1FEfE9,0xcFE5E2C457bBDc6757866BfE9153132d26B5b86f,0.1,121000,1.012773125,2,1,None,None,None
33,1731669232,0xf00fc2d9c7dcfdf1494a5e1447a0964bd890c7c495b3c6aa249f69d3a892a3ef,0xe16E9649E711Cc5Ed29431B3F16aB29d7d1FEfE9,0x7Bd0ae211ad57e024C3d859a8f0B9753572f6ca2,0.1,121000,1.012773125,3,1,None,None,None
33,1731669232,0xeb77557f98ca1c498967f2b33392bb8145763a5e776a4a618e14349102335aca,0xe16E9649E711Cc5Ed29431B3F16aB29d7d1FEfE9,0xa7f95CB09ac201aEE365cF359630ec315D2c90A5,0.1,121000,1.012773125,4,1,None,None,None
33,1731669232,0x4c29468a45c16270106fde40126d1d3e7cf74eea28ce691110099e7138c513bb,0xe16E9649E711Cc5Ed29431B3F16aB29d7d1FEfE9,0xADE427b52117DCF5D01CfAAF6A8e918b4bA24420,0.1,121000,1.012773125,5,1,None,None,None
33,1731669232,0x9568a2f60452418ceb28ee15a13165b650409f8bc9a7a7a17c384d7d6de1ecf5,0xe16E9649E711Cc5Ed29431B3F16aB29d7d1FEfE9,0x1be8275BA729f6072f9323f1052bb9278a4b4574,0.1,121000,1.012773125,6,1,None,None,None
40,1731669267,0x078a69e8e63d0890801e2c103da2d40b6f1631c9e287b037d6436234af25703d,0xe16E9649E711Cc5Ed29431B3F16aB29d7d1FEfE9,0xac80429aCEc277EfcF121B8c3797c2ca7F0200e9,0,334341,1.005037813,7,1,None,MasKeyExchange,RegisterAgents
46,1731669297,0xc1b8b7b6149dc2e90e9c42907a5578cdddf0f3d0afa7f0f1d2d627831445fe78,0xe16E9649E711Cc5Ed29431B3F16aB29d7d1FEfE9,0xac80429aCEc277EfcF121B8c3797c2ca7F0200e9,0,48587,1.002286619,8,1,None,MasKeyExchange,SetSecretKey
51,1731669322,0x383879b832524ad78aaec7ae9d9785d0a5495a126dce48ccacf52a07d76566f1,0xe16E9649E711Cc5Ed29431B3F16aB29d7d1FEfE9,0xac80429aCEc277EfcF121B8c3797c2ca7F0200e9,0,33727,1.00117476,9,1,None,MasKeyExchange,SetSecretKey
54,1731669337,0xceea3480012022063987a392765eb3f33ca7d5d0a648e3d90743e43d8799c41a,0xe16E9649E711Cc5Ed29431B3F16aB29d7d1FEfE9,0xac80429aCEc277EfcF121B8c3797c2ca7F0200e9,0,38111,1.000787891,10,1,None,MasKeyExchange,RemoveAgents
56,1731669347,0xd7a0830ded7a02c05459447a5c0937d99fde7e43de2f36498055eace4f117d2a,0xe16E9649E711Cc5Ed29431B3F16aB29d7d1FEfE9,0xac80429aCEc277EfcF121B8c3797c2ca7F0200e9,0,33715,1.000603848,11,1,None,MasKeyExchange,SetSecretKey
60,1731669367,0x03c815a223ba4fcf130f672c551f768029538ce8ed3fce005498a5efd1a5278a,0xe16E9649E711Cc5Ed29431B3F16aB29d7d1FEfE9,0xac80429aCEc277EfcF121B8c3797c2ca7F0200e9,0,65152,1.000354365,12,1,None,MasKeyExchange,RemoveAgents
61,1731669372,0x14b42f18caa81823eb1f98e3c2b4ba9b1bc92c340ade0880ae7a0a210dc23962,0xe16E9649E711Cc5Ed29431B3F16aB29d7d1FEfE9,0xac80429aCEc277EfcF121B8c3797c2ca7F0200e9,0,76928,1.000310612,13,1,None,MasKeyExchange,RegisterAgents
64,1731669387,0x8f1f46fdd90203c06f19ec33dfd2d180fd38ed7902d2b117b93aec5f5a7a3683,0xe16E9649E711Cc5Ed29431B3F16aB29d7d1FEfE9,0xac80429aCEc277EfcF121B8c3797c2ca7F0200e9,0,33739,1.000208619,14,1,None,MasKeyExchange,SetSecretKey
67,1731669402,0x53d89ea891398c069c59f1bb95adfd4c0a551d31900d6d8cf9fb52199cd22d36,0xe16E9649E711Cc5Ed29431B3F16aB29d7d1FEfE9,0xac80429aCEc277EfcF121B8c3797c2ca7F0200e9,0,33715,1.000139916,15,1,None,MasKeyExchange,SetSecretKey
68,1731669407,0xbc70c5efc152f56f4215a088d5c53af39ec971441626ae138f4deb1085502ecd,0xe16E9649E711Cc5Ed29431B3F16aB29d7d1FEfE9,0xac80429aCEc277EfcF121B8c3797c2ca7F0200e9,0,33883,1.000122564,16,1,None,MasKeyExchange,SetSecretKey
70,1731669417,0xa985fc14b3490367d154aadcf5d7b1a655f7839b6eeace80163164983d411214,0xe16E9649E711Cc5Ed29431B3F16aB29d7d1FEfE9,0xac80429aCEc277EfcF121B8c3797c2ca7F0200e9,0,33799,1.000093944,17,1,None,MasKeyExchange,SetSecretKey
71,1731669422,0x8a3b98a83092c11914d25cd9ed24b872d66f69a876bc581f6f80e2222b444b88,0xe16E9649E711Cc5Ed29431B3F16aB29d7d1FEfE9,0xac80429aCEc277EfcF121B8c3797c2ca7F0200e9,0,33895,1.000082293,18,1,None,MasKeyExchange,SetSecretKey
72,1731669427,0x17d1a8743ac06324e77cb41a13fb3b3b314e04d9e1183db629f49f39d4d6299b,0xe16E9649E711Cc5Ed29431B3F16aB29d7d1FEfE9,0xac80429aCEc277EfcF121B8c3797c2ca7F0200e9,0,33679,1.000072087,19,1,None,MasKeyExchange,SetSecretKey
76,1731669447,0xf8ce08a7905b36dc031ea1a792837681c939397a344cd4acdf37cc05c3955f7b,0xe16E9649E711Cc5Ed29431B3F16aB29d7d1FEfE9,0xac80429aCEc277EfcF121B8c3797c2ca7F0200e9,0,38111,1.000042305,20,1,None,MasKeyExchange,RemoveAgents
76,1731669447,0xa035438172864960600ba8119db6337f69971201d9a05131ff51324ff1897434,0xe16E9649E711Cc5Ed29431B3F16aB29d7d1FEfE9,0xac80429aCEc277EfcF121B8c3797c2ca7F0200e9,0,33751,1.000042305,21,1,None,MasKeyExchange,SetSecretKey
78,1731669457,0xcf829e98d9ebb01ad158edb1dd6bd6a2fd0d21d06cae735bd4d582826a98e715,0xe16E9649E711Cc5Ed29431B3F16aB29d7d1FEfE9,0xac80429aCEc277EfcF121B8c3797c2ca7F0200e9,0,76928,1.000032459,22,1,None,MasKeyExchange,RegisterAgents
79,1731669462,0x2279b8978aa8bc3a647c891aba3ac291ce61b7515ec403f9f15dd9a8484f569a,0xe16E9649E711Cc5Ed29431B3F16aB29d7d1FEfE9,0xac80429aCEc277EfcF121B8c3797c2ca7F0200e9,0,33739,1.000028474,23,1,None,MasKeyExchange,SetSecretKey
83,1731669482,0x5688cb9102e317e20ed9020568c480917a2c075d4ab5d13e1949b92673e4e6e7,0xe16E9649E711Cc5Ed29431B3F16aB29d7d1FEfE9,0xac80429aCEc277EfcF121B8c3797c2ca7F0200e9,0,33883,1.000016711,24,1,None,MasKeyExchange,SetSecretKey
84,1731669487,0x0a7b7d0dcb8fa51f7cbaac096918aa29f8967a712efa0e9d0901f5bc99c2d6c6,0xe16E9649E711Cc5Ed29431B3F16aB29d7d1FEfE9,0xac80429aCEc277EfcF121B8c3797c2ca7F0200e9,0,33715,1.000014639,25,1,None,MasKeyExchange,SetSecretKey
86,1731669497,0x26a046f2aa63b640305d48c41d842b94c20881598b9a9c68bfb08a2e890efe47,0xe16E9649E711Cc5Ed29431B3F16aB29d7d1FEfE9,0xac80429aCEc277EfcF121B8c3797c2ca7F0200e9,0,38111,1.000011221,26,1,None,MasKeyExchange,RemoveAgents
87,1731669502,0x296b6f337b1aa060fda45d51aa68fe7b324831ee60577a732b3a4e44930432fc,0xe16E9649E711Cc5Ed29431B3F16aB29d7d1FEfE9,0xac80429aCEc277EfcF121B8c3797c2ca7F0200e9,0,33679,1.000009829,27,1,None,MasKeyExchange,SetSecretKey
89,1731669512,0x39420377b68fc680a7cf7bf587c542defbfddc4c8fbb84a49bd37dbf1ea0cba1,0xe16E9649E711Cc5Ed29431B3F16aB29d7d1FEfE9,0xac80429aCEc277EfcF121B8c3797c2ca7F0200e9,0,33907,1.000007534,28,1,None,MasKeyExchange,SetSecretKey
90,1731669517,0x8280cec94666bcd475f339b34a1970f7a7618bdca2b49414b82ae5035fd1f0a4,0xe16E9649E711Cc5Ed29431B3F16aB29d7d1FEfE9,0xac80429aCEc277EfcF121B8c3797c2ca7F0200e9,0,33703,1.0000066,29,1,None,MasKeyExchange,SetSecretKey
91,1731669522,0xc5637707d283b65c86b4f7cd365f4ada2b10f0634b59c2c84c95eead4823a2d9,0xe16E9649E711Cc5Ed29431B3F16aB29d7d1FEfE9,0xac80429aCEc277EfcF121B8c3797c2ca7F0200e9,0,33727,1.000005782,30,1,None,MasKeyExchange,SetSecretKey
92,1731669527,0x0dcc5ab4f60617f8ec4f97a76c5d217b517ce31876bb408b22376720d0c0c562,0xe16E9649E711Cc5Ed29431B3F16aB29d7d1FEfE9,0xac80429aCEc277EfcF121B8c3797c2ca7F0200e9,0,33811,1.000005065,31,1,None,MasKeyExchange,SetSecretKey
93,1731669532,0x2125d724115f2937b868bfb272ed45ef1293c353f6fa89b10d25ee3d1e2f4f55,0xe16E9649E711Cc5Ed29431B3F16aB29d7d1FEfE9,0xac80429aCEc277EfcF121B8c3797c2ca7F0200e9,0,33847,1.000004437,32,1,None,MasKeyExchange,SetSecretKey
93,1731669532,0x008662c9549848a1554acec41b27ed7a8b17c6acaf460d01d74490df6d9c88b1,0xe16E9649E711Cc5Ed29431B3F16aB29d7d1FEfE9,0xac80429aCEc277EfcF121B8c3797c2ca7F0200e9,0,33763,1.000004437,33,1,None,MasKeyExchange,SetSecretKey
94,1731669537,0xc110b2b8942259a94417dee3eb74501163bc578c93364159ad2e62acca955798,0xe16E9649E711Cc5Ed29431B3F16aB29d7d1FEfE9,0xac80429aCEc277EfcF121B8c3797c2ca7F0200e9,0,33691,1.000003891,34,1,None,MasKeyExchange,SetSecretKey
95,1731669542,0xdcc5287d598cf705cafba93692cb5403e5b34034337bc1c01b54b24506716994,0xe16E9649E711Cc5Ed29431B3F16aB29d7d1FEfE9,0xac80429aCEc277EfcF121B8c3797c2ca7F0200e9,0,33691,1.000003409,35,1,None,MasKeyExchange,SetSecretKey
96,1731669547,0x224e1d2b026fc79357eaaf80b4b353415f2f38218ad13ca5b825d09ab90202c6,0xe16E9649E711Cc5Ed29431B3F16aB29d7d1FEfE9,0xac80429aCEc277EfcF121B8c3797c2ca7F0200e9,0,33715,1.000002987,36,1,None,MasKeyExchange,SetSecretKey
97,1731669552,0x9d600b94dd3c7f4d3aa2459772b8fb6651b3d647f503b5c95b0f1e7dc8eddaa0,0xe16E9649E711Cc5Ed29431B3F16aB29d7d1FEfE9,0xac80429aCEc277EfcF121B8c3797c2ca7F0200e9,0,33715,1.000002617,37,1,None,MasKeyExchange,SetSecretKey
98,1731669557,0xd6396d3b0c5a657feda6ae396a41ccd363ebca7f8d5ea0180990b42f98e2ee7d,0xe16E9649E711Cc5Ed29431B3F16aB29d7d1FEfE9,0xac80429aCEc277EfcF121B8c3797c2ca7F0200e9,0,33763,1.000002293,38,1,None,MasKeyExchange,SetSecretKey
99,1731669562,0xd06cdfa8b5e22126a85c82a1c2e02fc48de26105f7654a7b6d49d18a25b573ee,0xe16E9649E711Cc5Ed29431B3F16aB29d7d1FEfE9,0xac80429aCEc277EfcF121B8c3797c2ca7F0200e9,0,33739,1.000002009,39,1,None,MasKeyExchange,SetSecretKey
100,1731669567,0xc4710ce39dcf0b9038fd98b1835fe5f42333024639aa8cd3faa2e32a778f93fd,0xe16E9649E711Cc5Ed29431B3F16aB29d7d1FEfE9,0xac80429aCEc277EfcF121B8c3797c2ca7F0200e9,0,33763,1.00000176,40,1,None,MasKeyExchange,SetSecretKey
100,1731669567,0x3dee717e6987159503b48426902b1fe6c2fd1579971a53ec2ff36c1f52f157ac,0xe16E9649E711Cc5Ed29431B3F16aB29d7d1FEfE9,0xac80429aCEc277EfcF121B8c3797c2ca7F0200e9,0,33715,1.00000176,41,1,None,MasKeyExchange,SetSecretKey
100,1731669567,0x1a7945f84ae5814023e07b0c6a5def18154da3b25bb6f53ee2b8f21a3e4345b3,0xe16E9649E711Cc5Ed29431B3F16aB29d7d1FEfE9,0xac80429aCEc277EfcF121B8c3797c2ca7F0200e9,0,33715,1.00000176,42,1,None,MasKeyExchange,SetSecretKey
101,1731669572,0x84f6a3d4a2b8388e29a10b5319052209a0248bdfc02494dd0c19addaa0d86a24,0xe16E9649E711Cc5Ed29431B3F16aB29d7d1FEfE9,0xac80429aCEc277EfcF121B8c3797c2ca7F0200e9,0,33727,1.000001545,43,1,None,MasKeyExchange,SetSecretKey
105,1731669592,0xbb963fbe9be2e7b961481d72571f9330e148b75ab9b4d5178d33b5d2e514670c,0xe16E9649E711Cc5Ed29431B3F16aB29d7d1FEfE9,0xac80429aCEc277EfcF121B8c3797c2ca7F0200e9,0,38111,1.000000908,44,1,None,MasKeyExchange,RemoveAgents
105,1731669592,0xbbfddfa6e699fa83411db6d3776bf40f26005ada613df5a52840244e190fbba3,0xe16E9649E711Cc5Ed29431B3F16aB29d7d1FEfE9,0xac80429aCEc277EfcF121B8c3797c2ca7F0200e9,0,33703,1.000000908,45,1,None,MasKeyExchange,SetSecretKey
106,1731669597,0x5e2580eca7301cd58f7f5184f11af8288b4ac2060dcad120c3fde69bc8f8a0be,0xe16E9649E711Cc5Ed29431B3F16aB29d7d1FEfE9,0xac80429aCEc277EfcF121B8c3797c2ca7F0200e9,0,76928,1.000000797,46,1,None,MasKeyExchange,RegisterAgents
108,1731669607,0x3caa8aa947a3f723cf97362360d68b6a6ebba38bdec84be60c3f6115fb107660,0xe16E9649E711Cc5Ed29431B3F16aB29d7d1FEfE9,0xac80429aCEc277EfcF121B8c3797c2ca7F0200e9,0,33691,1.000000613,47,1,None,MasKeyExchange,SetSecretKey
109,1731669612,0x09b05fc4544bef634702cba64130fe6ea546d9478b1f01b175bcdde10faa865b,0xe16E9649E711Cc5Ed29431B3F16aB29d7d1FEfE9,0xac80429aCEc277EfcF121B8c3797c2ca7F0200e9,0,33703,1.000000537,48,1,None,MasKeyExchange,SetSecretKey
109,1731669612,0x102e3ead169c9ff30aa3cf92c8d9f519ba7d269f82f56cf161f8ad681e24a0a0,0xe16E9649E711Cc5Ed29431B3F16aB29d7d1FEfE9,0xac80429aCEc277EfcF121B8c3797c2ca7F0200e9,0,33739,1.000000537,49,1,None,MasKeyExchange,SetSecretKey
110,1731669617,0xbb5082419519d132212a19cc30be4e1e7147bd70220e7aa47ce1965e6b263973,0xe16E9649E711Cc5Ed29431B3F16aB29d7d1FEfE9,0xac80429aCEc277EfcF121B8c3797c2ca7F0200e9,0,33763,1.000000471,50,1,None,MasKeyExchange,SetSecretKey
110,1731669617,0x0c88608ac78c799c3250f1a9acd10b328bf84bf716ffa157597f727bd73c1093,0xe16E9649E711Cc5Ed29431B3F16aB29d7d1FEfE9,0xac80429aCEc277EfcF121B8c3797c2ca7F0200e9,0,33703,1.000000471,51,1,None,MasKeyExchange,SetSecretKey
111,1731669622,0x0c963f49ae9b1e4bbdf9065739adb89758cc63f2a95064e94e3450b9c8a684f7,0xe16E9649E711Cc5Ed29431B3F16aB29d7d1FEfE9,0xac80429aCEc277EfcF121B8c3797c2ca7F0200e9,0,33751,1.000000414,52,1,None,MasKeyExchange,SetSecretKey
112,1731669627,0x8776c579ed1392aa3d9d4c5518bbe26d2ca2b847d6be15c25d1aecac83417ceb,0xe16E9649E711Cc5Ed29431B3F16aB29d7d1FEfE9,0xac80429aCEc277EfcF121B8c3797c2ca7F0200e9,0,33775,1.000000363,53,1,None,MasKeyExchange,SetSecretKey
113,1731669632,0x2a6cce847aebf78752a4516cfa1a052d8b3ed6cba658f6f575fa87450e482ff0,0xe16E9649E711Cc5Ed29431B3F16aB29d7d1FEfE9,0xac80429aCEc277EfcF121B8c3797c2ca7F0200e9,0,33967,1.000000318,54,1,None,MasKeyExchange,SetSecretKey
114,1731669637,0xae4d577c82cbd12be4d7f6368e770fff0e1a42497f4d532e674b14ded0a7a23e,0xe16E9649E711Cc5Ed29431B3F16aB29d7d1FEfE9,0xac80429aCEc277EfcF121B8c3797c2ca7F0200e9,0,34027,1.000000279,55,1,None,MasKeyExchange,SetSecretKey
114,1731669637,0xae4d577c82cbd12be4d7f6368e770fff0e1a42497f4d532e674b14ded0a7a23e,0xe16E9649E711Cc5Ed29431B3F16aB29d7d1FEfE9,0xac80429aCEc277EfcF121B8c3797c2ca7F0200e9,0,34027,1.000000279,55,1,None,MasKeyExchange,SetSecretKey
115,1731669642,0x343a026cb7ec561ef6a505a2d4858219f5254cb9749751ac6e63e978d27b5c72,0xe16E9649E711Cc5Ed29431B3F16aB29d7d1FEfE9,0xac80429aCEc277EfcF121B8c3797c2ca7F0200e9,0,33823,1.000000245,56,1,None,MasKeyExchange,SetSecretKey
117,1731669652,0x1f7599fbcd15093dfa7930949ea79f83765fc80bb3a22d22fdf1155f168e4473,0xe16E9649E711Cc5Ed29431B3F16aB29d7d1FEfE9,0xac80429aCEc277EfcF121B8c3797c2ca7F0200e9,0,33679,1.000000189,57,1,None,MasKeyExchange,SetSecretKey
121,1731669672,0x3c019dbbf779183dbb678d95feec8c8e843ffb3d1e6dfe90f55b5a96ed886a64,0xe16E9649E711Cc5Ed29431B3F16aB29d7d1FEfE9,0xac80429aCEc277EfcF121B8c3797c2ca7F0200e9,0,33739,1.000000112,58,1,None,MasKeyExchange,SetSecretKey
124,1731669687,0xdbe56326eec9c479f821f0b212472a008408cb16984f312035f496052bb0cb7d,0xe16E9649E711Cc5Ed29431B3F16aB29d7d1FEfE9,0xac80429aCEc277EfcF121B8c3797c2ca7F0200e9,0,76928,1.000000077,59,1,None,MasKeyExchange,RegisterAgents
126,1731669697,0xff24dd5a9e7ae9858c43cbf62182614bd987631fb8f4cdbd11f77aa942fa5fa5,0xe16E9649E711Cc5Ed29431B3F16aB29d7d1FEfE9,0xac80429aCEc277EfcF121B8c3797c2ca7F0200e9,0,33739,1.00000006,60,1,None,MasKeyExchange,SetSecretKey
